<?xml version="1.0" encoding="UTF-8"?>
<project-private xmlns="http://www.netbeans.org/ns/project-private/1">
    <editor-bookmarks xmlns="http://www.netbeans.org/ns/editor-bookmarks/2" lastBookmarkId="0"/>
    <open-files xmlns="http://www.netbeans.org/ns/projectui-open-files/2">
        <group>
            <file>file:/C:/Users/Dell/OneDrive/Desktop/Proyecto2EDD/src/proyecto2edd/Proyecto2EDD.java</file>
            <file>file:/C:/Users/Dell/OneDrive/Desktop/Proyecto2EDD/src/Interfaces/AnalizarResumen.java</file>
            <file>file:/C:/Users/Dell/OneDrive/Desktop/Proyecto2EDD/src/EDDs/HashTable.java</file>
        </group>
    </open-files>
</project-private>
